name,value,c
1069,,0.000000
1069,,0.000000
1069,,0.000000
1069,,100.000000
