,name,value,c
0,1070,,29.268293
1,1070,,0.000000
2,1070,,70.731707
3,1070,,0.000000
