name,value
0,29.268293
1,0.000000
2,70.731707
3,0.000000
