name,value
0,33.333333
1,0.000000
2,0.000000
3,66.666667
