,name,value,c
0,1069,,33.333333
1,1069,,0.000000
2,1069,,0.000000
3,1069,,66.666667
