name,value
0,12.727273
1,0.000000
2,27.272727
3,60.000000
