,name,value,c
0,1071,,12.727273
1,1071,,0.000000
2,1071,,27.272727
3,1071,,60.000000
