name,value
0,40.322581
1,0.000000
2,59.677419
3,0.000000
