name,value
0,65.000000
1,0.000000
2,0.000000
3,35.000000
