,name,value,c
0,1069,,40.322581
1,1069,,0.000000
2,1069,,59.677419
3,1069,,0.000000
