,name,value,c
0,1071,,0.000000
1,1071,,0.000000
2,1071,,0.000000
3,1071,,100.000000
