,name,value,c
0,1070,,0.000000
1,1070,,0.000000
2,1070,,100.000000
3,1070,,0.000000
