,name,value,c
0,1069,,0.000000
1,1069,,0.000000
2,1069,,0.000000
3,1069,,100.000000
