name,value
0,0.000000
1,100.000000
2,0.000000
3,0.000000
