name,value
0,0.000000
1,48.000000
2,52.000000
3,0.000000
