,name,value,c
0,1069,,0.000000
1,1069,,48.000000
2,1069,,52.000000
3,1069,,0.000000
